{
  "best_global_step": 76,
  "best_metric": 0.4974593302155425,
  "best_model_checkpoint": "/content/aadhaar_t5_lora/checkpoint-76",
  "epoch": 3.0,
  "eval_steps": 500,
  "global_step": 228,
  "is_hyper_param_search": false,
  "is_local_process_zero": true,
  "is_world_process_zero": true,
  "log_history": [
    {
      "epoch": 0.6622516556291391,
      "grad_norm": NaN,
      "learning_rate": 0.0,
      "loss": 0.0,
      "step": 50
    },
    {
      "epoch": 1.0,
      "eval_bleu": 0.4974593302155425,
      "eval_loss": 2.91477632522583,
      "eval_runtime": 8.6474,
      "eval_samples_per_second": 17.346,
      "eval_steps_per_second": 2.197,
      "step": 76
    },
    {
      "epoch": 1.3178807947019868,
      "grad_norm": NaN,
      "learning_rate": 0.0,
      "loss": 0.0,
      "step": 100
    },
    {
      "epoch": 1.980132450331126,
      "grad_norm": NaN,
      "learning_rate": 0.0,
      "loss": 0.0,
      "step": 150
    },
    {
      "epoch": 2.0,
      "eval_bleu": 0.4974593302155425,
      "eval_loss": 2.91477632522583,
      "eval_runtime": 7.6927,
      "eval_samples_per_second": 19.499,
      "eval_steps_per_second": 2.47,
      "step": 152
    },
    {
      "epoch": 2.6357615894039736,
      "grad_norm": NaN,
      "learning_rate": 0.0,
      "loss": 0.0,
      "step": 200
    },
    {
      "epoch": 3.0,
      "eval_bleu": 0.4974593302155425,
      "eval_loss": 2.91477632522583,
      "eval_runtime": 7.9601,
      "eval_samples_per_second": 18.844,
      "eval_steps_per_second": 2.387,
      "step": 228
    }
  ],
  "logging_steps": 50,
  "max_steps": 228,
  "num_input_tokens_seen": 0,
  "num_train_epochs": 3,
  "save_steps": 500,
  "stateful_callbacks": {
    "EarlyStoppingCallback": {
      "args": {
        "early_stopping_patience": 2,
        "early_stopping_threshold": 0.0
      },
      "attributes": {
        "early_stopping_patience_counter": 2
      }
    },
    "TrainerControl": {
      "args": {
        "should_epoch_stop": false,
        "should_evaluate": false,
        "should_log": false,
        "should_save": true,
        "should_training_stop": true
      },
      "attributes": {}
    }
  },
  "total_flos": 2177732001005568.0,
  "train_batch_size": 8,
  "trial_name": null,
  "trial_params": null
}
